,investment_budget,routes_departementales,routes_regionales,routes_communales
investment_budget,1.0,0.9995022947714601,0.9961556432198917,0.9961556432198917
routes_departementales,0.9995022947714601,1.0,0.9958265604516489,0.9958265604516489
routes_regionales,0.9961556432198917,0.9958265604516489,1.0,1.0
routes_communales,0.9961556432198917,0.9958265604516489,1.0,1.0
