,routes_departementales,routes_regionales,routes_communales
count,24.0,24.0,24.0
mean,1401.875,507.5,3030.0
std,138.2012749264794,35.35533905932738,141.4213562373095
min,1200.0,450.0,2800.0
25%,1286.25,478.75,2915.0
50%,1390.0,507.5,3030.0
75%,1506.25,536.25,3145.0
max,1650.0,565.0,3260.0
